﻿<?xml version="1.0" encoding="utf-8"?>
<deployment>
  <id>321d811c-7022-4e8b-907b-4d3ce83df7f5</id>
  <author>N/A</author>
  <deployer>OneDeploy</deployer>
  <authorEmail>N/A</authorEmail>
  <message>OneDeploy</message>
  <progress></progress>
  <status>Success</status>
  <statusText></statusText>
  <lastSuccessEndTime>2025-12-02T06:50:10.3570023Z</lastSuccessEndTime>
  <receivedTime>2025-12-02T06:49:34.3365842Z</receivedTime>
  <startTime>2025-12-02T06:49:35.7569812Z</startTime>
  <endTime>2025-12-02T06:50:10.3570023Z</endTime>
  <complete>True</complete>
  <is_temp>False</is_temp>
  <is_readonly>True</is_readonly>
  <buildSummary />
</deployment>