﻿<?xml version="1.0" encoding="utf-8"?>
<deployment>
  <id>3146a945-9eb4-491a-a6fb-acc5c22b0736</id>
  <author>N/A</author>
  <deployer>OneDeploy</deployer>
  <authorEmail>N/A</authorEmail>
  <message>OneDeploy</message>
  <progress></progress>
  <status>Success</status>
  <statusText></statusText>
  <lastSuccessEndTime>2025-12-02T06:33:46.1470044Z</lastSuccessEndTime>
  <receivedTime>2025-12-02T06:32:43.2523285Z</receivedTime>
  <startTime>2025-12-02T06:32:45.2582359Z</startTime>
  <endTime>2025-12-02T06:33:46.1470044Z</endTime>
  <complete>True</complete>
  <is_temp>False</is_temp>
  <is_readonly>True</is_readonly>
  <buildSummary />
</deployment>