﻿<?xml version="1.0" encoding="utf-8"?>
<deployment>
  <id>6e1b63b5-6b29-44aa-847f-aa0ecb35307a</id>
  <author>N/A</author>
  <deployer>OneDeploy</deployer>
  <authorEmail>N/A</authorEmail>
  <message>OneDeploy</message>
  <progress></progress>
  <status>Success</status>
  <statusText></statusText>
  <lastSuccessEndTime>2025-12-02T06:23:30.1429663Z</lastSuccessEndTime>
  <receivedTime>2025-12-02T06:22:48.983611Z</receivedTime>
  <startTime>2025-12-02T06:22:50.4712503Z</startTime>
  <endTime>2025-12-02T06:23:30.1429663Z</endTime>
  <complete>True</complete>
  <is_temp>False</is_temp>
  <is_readonly>True</is_readonly>
  <buildSummary />
</deployment>