<step title="Incoming Request" date="2025-12-02T06:49:13.415" instance="33847b" url="/api/publish?async=true&amp;deployer=GITHUB_ONE_DEPLOY&amp;type=zip&amp;message=%7B%22type%22%3A%22deployment%22%2C%22sha%22%3A%22c0c6e919fb0de4da697c59f7f8fcf9b498034abf%22%2C%22repoName%22%3A%22newthingsit%2Faudit_Checklists-app%22%2C%22actor%22%3A%22newthingsit%22%2C%22slotName%22%3A%22production%22%2C%22commitMessage%22%3A%22Fix%3A%20Default%20encrypt%20to%20true%20for%20Azure%20SQL%20Database%22%7D" method="POST" type="request" pid="830,1,7" Host="audit-app-backend-2221-g9cna3ath2b4h8br.scm.centralindia-01.azurewebsites.net" User-Agent="GITHUBACTIONS_DeployWebAppToAzure_c96bb74b67676929b8fa52d523a4a19a0303a3e2ae20483f1689325f6651fabd" Authorization="Bea..." Content-Type="application/octet-stream" Cookie="ARRAffinity=33847b79e587e8df55f8922385f15b26f9612d20f5d9c93987e37e920c791d38;Path=/;HttpOnly;Secure;Domain=audit-app-backend-2221-g9cna3ath2b4h8br.scm.centralindia-01.azurewebsites.net; ARRAffinitySameSite=33847b79e587e8df55f8922385f15b26f9612d20f5d9c93987e37e920c791d38;Path=/;HttpOnly;SameSite=None;Secure;Domain=audit-app-backend-2221-g9cna3ath2b4h8br.scm.centralindia-01.azurewebsites.net" Transfer-Encoding="chunked" X-ARR-LOG-ID="95b08248-af2a-4ea3-aa4d-2bc2450132c4" CLIENT-IP="20.97.198.245:47144" X-SITE-DEPLOYMENT-ID="audit-app-backend-2221" WAS-DEFAULT-HOSTNAME="audit-app-backend-2221-g9cna3ath2b4h8br.scm.centralindia-01.azurewebsites.net" X-Forwarded-Proto="https" X-AppService-Proto="https" X-Forwarded-TlsVersion="1.3" X-WAWS-Unencoded-URL="/api/publish?async=true&amp;deployer=GITHUB_ONE_DEPLOY&amp;type=zip&amp;message=%7B%22type%22%3A%22deployment%22%2C%22sha%22%3A%22c0c6e919fb0de4da697c59f7f8fcf9b498034abf%22%2C%22repoName%22%3A%22newthingsit%2Faudit_Checklists-app%22%2C%22actor%22%3A%22newthingsit%22%2C%22slotName%22%3A%22production%22%2C%22commitMessage%22%3A%22Fix%3A%20Default%20encrypt%20to%20true%20for%20Azure%20SQL%20Database%22%7D" X-Client-IP="20.97.198.245" X-Client-Port="47144" >
  <step title="OneDeploy" date="2025-12-02T06:49:13.513" >
    <step title="None repository commit" date="2025-12-02T06:49:13.541" >
      <step title="Commit id: 321d811c-7022-4e8b-907b-4d3ce83df7f5" date="2025-12-02T06:49:13.568" Message="N/A" AuthorName="N/A" AuthorEmail="N/A" /><!-- duration: 4ms -->
    </step><!-- duration: 35ms -->
    <step title="Starting PushDeployAsync" date="2025-12-02T06:49:13.580" /><!-- duration: 4ms -->
    <step title="Removing node_modules symlink" date="2025-12-02T06:49:13.615" >
      <step title="Removing _del_node_modules symlink" date="2025-12-02T06:49:13.726" >
        <step title="Writing artifact to /tmp/zipdeploy/d10c8bb4-efc0-4a6d-984e-ee6a2ef68c6f.zip" date="2025-12-02T06:49:13.788" >
          <step title="Writing multipart request body to /tmp/zipdeploy/d10c8bb4-efc0-4a6d-984e-ee6a2ef68c6f.zip" date="2025-12-02T06:49:13.807" /><!-- duration: 22ms -->
        </step><!-- duration: 2811ms -->
        <step title="Start deployment in the background" date="2025-12-02T06:49:16.652" >
          <step title="Acquiring Deployment Lock" date="2025-12-02T06:49:16.694" /><!-- duration: 11ms -->
          <step title="Acquired Deployment Lock" date="2025-12-02T06:49:16.758" /><!-- duration: 4ms -->
        </step><!-- duration: 217ms -->
      </step><!-- duration: 3152ms -->
      <step title="Outgoing response" date="2025-12-02T06:49:16.887" type="response" statusCode="202" statusText="Accepted" /><!-- duration: 7ms -->
    </step><!-- duration: 3283ms -->
