<step title="BackgroundTrace" date="2025-12-02T06:31:25.571" instance="33847b" url="/api/publish" method="POST" >
  <step title="Cleanup Xml Logs" date="2025-12-02T06:31:25.625" /><!-- duration: 75ms -->
  <step title="Creating temporary deployment - FetchDeploymentManager" date="2025-12-02T06:31:25.958" /><!-- duration: 47ms -->
  <step title="Creating temporary deployment" date="2025-12-02T06:31:26.127" /><!-- duration: 292ms -->
  <step title="Performing fetch based deployment" date="2025-12-02T06:31:26.742" >
    <step title="Cleaning up temp folders from previous zip deployments and extracting pushed zip file /tmp/zipdeploy/65b10ca8-8d75-461e-9438-94987fbd9b5a.zip (35.94 MB) to /tmp/zipdeploy/extracted" date="2025-12-02T06:31:28.251" >
      <step title="ChmodRecursive Process exited with total time taken in ms: 646" date="2025-12-02T06:32:40.336" /><!-- duration: 86ms -->
    </step><!-- duration: 72265ms -->
    <step title="Deployment timer started" date="2025-12-02T06:32:42.790" >
      <step title="DeploymentManager.Deploy(id:3146a945-9eb4-491a-a6fb-acc5c22b0736)" date="2025-12-02T06:32:42.952" >
        <step title="Collecting changeset information" date="2025-12-02T06:32:43.095" /><!-- duration: 284ms -->
        <step title="Updating submodules" date="2025-12-02T06:32:43.416" /><!-- duration: 1406ms -->
        <step title="Determining deployment builder" date="2025-12-02T06:32:45.465" >
          <step title="Builder is OneDeployBuilder" date="2025-12-02T06:32:45.555" /><!-- duration: 102ms -->
        </step><!-- duration: 246ms -->
        <step title="PreDeployment: context.CleanOutputPath False" date="2025-12-02T06:32:46.707" >
          <step title="PreDeployment: context.OutputPath /home/site/wwwroot" date="2025-12-02T06:32:46.993" >
            <step title="Building" date="2025-12-02T06:32:47.279" >
              <step title="Executing external process" date="2025-12-02T06:32:49.110" type="process" path="starter.sh" arguments="/opt/Kudu/Scripts/absoluteTar.sh /tmp/zipdeploy/extracted/node_modules /tmp/zipdeploy/extracted/node_modules.tar.gz" /><!-- duration: 47855ms -->
              <step title="Executing external process" date="2025-12-02T06:33:37.364" type="process" path="starter.sh" arguments="/opt/Kudu/Scripts/parallel_rsync.sh /tmp/zipdeploy/extracted /home/site/wwwroot 8 /tmp/ False False node_modules " /><!-- duration: 7261ms -->
              <step title="Modified file to trigger a restart of the app container." date="2025-12-02T06:33:45.683" /><!-- duration: 5ms -->
              <step title="Skip function trigger and logicapp sync because function is not enabled." date="2025-12-02T06:33:45.696" /><!-- duration: 7ms -->
            </step><!-- duration: 59338ms -->
          </step><!-- duration: 59630ms -->
          <step title="Cleaning up temp files" date="2025-12-02T06:33:46.627" /><!-- duration: 4ms -->
          <step title="Cleaning up temp files" date="2025-12-02T06:33:46.644" /><!-- duration: 520ms -->
          <step title="Reloading status file with latest updates" date="2025-12-02T06:33:47.224" >
            <step title="WebHooksManager.PublishEventAsync: PostDeployment" date="2025-12-02T06:33:47.229" /><!-- duration: 71ms -->
          </step><!-- duration: 83ms -->
          <step title="Cleaning up temporary deployment - fetch deployment was successful" date="2025-12-02T06:33:47.313" /><!-- duration: 5ms -->
        </step><!-- duration: 60687ms -->
      </step><!-- duration: 64459ms -->
