<step title="Incoming Request" date="2025-12-02T06:22:25.187" instance="33847b" url="/api/publish?async=true&amp;deployer=GITHUB_ONE_DEPLOY&amp;type=zip&amp;message=%7B%22type%22%3A%22deployment%22%2C%22sha%22%3A%22136ea4acd38ccf6db67ed35f722a056c4078eb00%22%2C%22repoName%22%3A%22newthingsit%2Faudit_Checklists-app%22%2C%22actor%22%3A%22newthingsit%22%2C%22slotName%22%3A%22production%22%2C%22commitMessage%22%3A%22Fix%3A%20Use%20npm%20install%20instead%20of%20npm%20ci%22%7D" method="POST" type="request" pid="833,1,7" Host="audit-app-backend-2221-g9cna3ath2b4h8br.scm.centralindia-01.azurewebsites.net" User-Agent="GITHUBACTIONS_DeployWebAppToAzure_c96bb74b67676929b8fa52d523a4a19a0303a3e2ae20483f1689325f6651fabd" Authorization="Bea..." Content-Type="application/octet-stream" Cookie="ARRAffinity=33847b79e587e8df55f8922385f15b26f9612d20f5d9c93987e37e920c791d38;Path=/;HttpOnly;Secure;Domain=audit-app-backend-2221-g9cna3ath2b4h8br.scm.centralindia-01.azurewebsites.net; ARRAffinitySameSite=33847b79e587e8df55f8922385f15b26f9612d20f5d9c93987e37e920c791d38;Path=/;HttpOnly;SameSite=None;Secure;Domain=audit-app-backend-2221-g9cna3ath2b4h8br.scm.centralindia-01.azurewebsites.net" Transfer-Encoding="chunked" X-ARR-LOG-ID="3026a861-2b7b-422a-bc9b-0b1e4418dd4f" CLIENT-IP="20.161.71.49:10248" X-SITE-DEPLOYMENT-ID="audit-app-backend-2221" WAS-DEFAULT-HOSTNAME="audit-app-backend-2221-g9cna3ath2b4h8br.scm.centralindia-01.azurewebsites.net" X-Forwarded-Proto="https" X-AppService-Proto="https" X-Forwarded-TlsVersion="1.3" X-WAWS-Unencoded-URL="/api/publish?async=true&amp;deployer=GITHUB_ONE_DEPLOY&amp;type=zip&amp;message=%7B%22type%22%3A%22deployment%22%2C%22sha%22%3A%22136ea4acd38ccf6db67ed35f722a056c4078eb00%22%2C%22repoName%22%3A%22newthingsit%2Faudit_Checklists-app%22%2C%22actor%22%3A%22newthingsit%22%2C%22slotName%22%3A%22production%22%2C%22commitMessage%22%3A%22Fix%3A%20Use%20npm%20install%20instead%20of%20npm%20ci%22%7D" X-Client-IP="20.161.71.49" X-Client-Port="10248" >
  <step title="OneDeploy" date="2025-12-02T06:22:25.372" >
    <step title="None repository commit" date="2025-12-02T06:22:25.400" >
      <step title="Commit id: 6e1b63b5-6b29-44aa-847f-aa0ecb35307a" date="2025-12-02T06:22:25.409" Message="N/A" AuthorName="N/A" AuthorEmail="N/A" /><!-- duration: 4ms -->
    </step><!-- duration: 18ms -->
    <step title="Starting PushDeployAsync" date="2025-12-02T06:22:25.422" /><!-- duration: 6ms -->
    <step title="Writing artifact to /tmp/zipdeploy/c8e123c7-e2e6-49ac-a1fd-210713a29236.zip" date="2025-12-02T06:22:25.496" >
      <step title="Writing multipart request body to /tmp/zipdeploy/c8e123c7-e2e6-49ac-a1fd-210713a29236.zip" date="2025-12-02T06:22:25.514" /><!-- duration: 27ms -->
    </step><!-- duration: 2854ms -->
    <step title="Start deployment in the background" date="2025-12-02T06:22:28.367" >
      <step title="Acquiring Deployment Lock" date="2025-12-02T06:22:28.412" /><!-- duration: 12ms -->
      <step title="Acquired Deployment Lock" date="2025-12-02T06:22:28.470" /><!-- duration: 4ms -->
    </step><!-- duration: 429ms -->
  </step><!-- duration: 3430ms -->
  <step title="Outgoing response" date="2025-12-02T06:22:28.819" type="response" statusCode="202" statusText="Accepted" /><!-- duration: 4ms -->
</step><!-- duration: 3639ms -->
