<step title="BackgroundTrace" date="2025-12-02T06:49:16.656" instance="33847b" url="/api/publish" method="POST" >
  <step title="Cleanup Xml Logs" date="2025-12-02T06:49:16.672" /><!-- duration: 6ms -->
  <step title="Creating temporary deployment - FetchDeploymentManager" date="2025-12-02T06:49:16.766" /><!-- duration: 3ms -->
  <step title="Creating temporary deployment" date="2025-12-02T06:49:16.773" /><!-- duration: 89ms -->
  <step title="Performing fetch based deployment" date="2025-12-02T06:49:16.908" >
    <step title="Cleaning up temp folders from previous zip deployments and extracting pushed zip file /tmp/zipdeploy/d10c8bb4-efc0-4a6d-984e-ee6a2ef68c6f.zip (35.94 MB) to /tmp/zipdeploy/extracted" date="2025-12-02T06:49:18.127" >
      <step title="ChmodRecursive Process exited with total time taken in ms: 515" date="2025-12-02T06:49:32.167" /><!-- duration: 18ms -->
    </step><!-- duration: 14066ms -->
    <step title="Deployment timer started" date="2025-12-02T06:49:34.222" >
      <step title="DeploymentManager.Deploy(id:321d811c-7022-4e8b-907b-4d3ce83df7f5)" date="2025-12-02T06:49:34.229" >
        <step title="Collecting changeset information" date="2025-12-02T06:49:34.270" /><!-- duration: 158ms -->
        <step title="Updating submodules" date="2025-12-02T06:49:34.434" /><!-- duration: 1148ms -->
        <step title="Determining deployment builder" date="2025-12-02T06:49:35.834" >
          <step title="Builder is OneDeployBuilder" date="2025-12-02T06:49:35.864" /><!-- duration: 12ms -->
        </step><!-- duration: 53ms -->
        <step title="PreDeployment: context.CleanOutputPath False" date="2025-12-02T06:49:35.959" >
          <step title="PreDeployment: context.OutputPath /home/site/wwwroot" date="2025-12-02T06:49:36.096" >
            <step title="Building" date="2025-12-02T06:49:36.271" >
              <step title="Executing external process" date="2025-12-02T06:49:37.209" type="process" path="starter.sh" arguments="/opt/Kudu/Scripts/absoluteTar.sh /tmp/zipdeploy/extracted/node_modules /tmp/zipdeploy/extracted/node_modules.tar.gz" /><!-- duration: 21959ms -->
              <step title="Executing external process" date="2025-12-02T06:49:59.578" type="process" path="starter.sh" arguments="/opt/Kudu/Scripts/parallel_rsync.sh /tmp/zipdeploy/extracted /home/site/wwwroot 8 /tmp/ False False node_modules " /><!-- duration: 9355ms -->
              <step title="Modified file to trigger a restart of the app container." date="2025-12-02T06:50:09.924" /><!-- duration: 4ms -->
              <step title="Skip function trigger and logicapp sync because function is not enabled." date="2025-12-02T06:50:09.964" /><!-- duration: 6ms -->
            </step><!-- duration: 34576ms -->
          </step><!-- duration: 34758ms -->
          <step title="Cleaning up temp files" date="2025-12-02T06:50:10.857" /><!-- duration: 6ms -->
          <step title="Cleaning up temp files" date="2025-12-02T06:50:10.881" /><!-- duration: 533ms -->
          <step title="Reloading status file with latest updates" date="2025-12-02T06:50:11.480" >
            <step title="WebHooksManager.PublishEventAsync: PostDeployment" date="2025-12-02T06:50:11.497" /><!-- duration: 131ms -->
          </step><!-- duration: 151ms -->
          <step title="Cleaning up temporary deployment - fetch deployment was successful" date="2025-12-02T06:50:11.637" /><!-- duration: 3ms -->
        </step><!-- duration: 35769ms -->
      </step><!-- duration: 37516ms -->
