<step title="Incoming Request" date="2025-12-02T06:31:21.406" instance="33847b" url="/api/publish?async=true&amp;deployer=GITHUB_ONE_DEPLOY&amp;type=zip&amp;message=%7B%22type%22%3A%22deployment%22%2C%22sha%22%3A%227f266202018d2fc26f536916ceb6e2f6c409cfb0%22%2C%22repoName%22%3A%22newthingsit%2Faudit_Checklists-app%22%2C%22actor%22%3A%22newthingsit%22%2C%22slotName%22%3A%22production%22%2C%22commitMessage%22%3A%22Fix%3A%20Point%20app_location%20to%20web%2Fbuild%20for%20Static%20Web%20Apps%22%7D" method="POST" type="request" pid="833,1,28" Host="audit-app-backend-2221-g9cna3ath2b4h8br.scm.centralindia-01.azurewebsites.net" User-Agent="GITHUBACTIONS_DeployWebAppToAzure_c96bb74b67676929b8fa52d523a4a19a0303a3e2ae20483f1689325f6651fabd" Authorization="Bea..." Content-Type="application/octet-stream" Cookie="ARRAffinity=33847b79e587e8df55f8922385f15b26f9612d20f5d9c93987e37e920c791d38;Path=/;HttpOnly;Secure;Domain=audit-app-backend-2221-g9cna3ath2b4h8br.scm.centralindia-01.azurewebsites.net; ARRAffinitySameSite=33847b79e587e8df55f8922385f15b26f9612d20f5d9c93987e37e920c791d38;Path=/;HttpOnly;SameSite=None;Secure;Domain=audit-app-backend-2221-g9cna3ath2b4h8br.scm.centralindia-01.azurewebsites.net" Transfer-Encoding="chunked" X-ARR-LOG-ID="d9324c7e-e0b2-45d4-b1ea-951f978abba9" CLIENT-IP="20.109.38.225:53256" X-SITE-DEPLOYMENT-ID="audit-app-backend-2221" WAS-DEFAULT-HOSTNAME="audit-app-backend-2221-g9cna3ath2b4h8br.scm.centralindia-01.azurewebsites.net" X-Forwarded-Proto="https" X-AppService-Proto="https" X-Forwarded-TlsVersion="1.3" X-WAWS-Unencoded-URL="/api/publish?async=true&amp;deployer=GITHUB_ONE_DEPLOY&amp;type=zip&amp;message=%7B%22type%22%3A%22deployment%22%2C%22sha%22%3A%227f266202018d2fc26f536916ceb6e2f6c409cfb0%22%2C%22repoName%22%3A%22newthingsit%2Faudit_Checklists-app%22%2C%22actor%22%3A%22newthingsit%22%2C%22slotName%22%3A%22production%22%2C%22commitMessage%22%3A%22Fix%3A%20Point%20app_location%20to%20web%2Fbuild%20for%20Static%20Web%20Apps%22%7D" X-Client-IP="20.109.38.225" X-Client-Port="53256" >
  <step title="OneDeploy" date="2025-12-02T06:31:21.483" >
    <step title="Starting PushDeployAsync" date="2025-12-02T06:31:21.539" /><!-- duration: 11ms -->
    <step title="Removing node_modules symlink" date="2025-12-02T06:31:21.623" >
      <step title="Removing _del_node_modules symlink" date="2025-12-02T06:31:21.787" >
        <step title="Writing artifact to /tmp/zipdeploy/65b10ca8-8d75-461e-9438-94987fbd9b5a.zip" date="2025-12-02T06:31:21.889" >
          <step title="Writing multipart request body to /tmp/zipdeploy/65b10ca8-8d75-461e-9438-94987fbd9b5a.zip" date="2025-12-02T06:31:21.912" /><!-- duration: 28ms -->
        </step><!-- duration: 3399ms -->
        <step title="Start deployment in the background" date="2025-12-02T06:31:25.484" >
          <step title="Acquiring Deployment Lock" date="2025-12-02T06:31:25.757" /><!-- duration: 12ms -->
          <step title="Acquired Deployment Lock" date="2025-12-02T06:31:25.899" /><!-- duration: 39ms -->
        </step><!-- duration: 966ms -->
      </step><!-- duration: 4710ms -->
      <step title="Outgoing response" date="2025-12-02T06:31:26.571" type="response" statusCode="202" statusText="Accepted" /><!-- duration: 102ms -->
    </step><!-- duration: 5097ms -->
