<step title="BackgroundTrace" date="2025-12-02T06:22:28.372" instance="33847b" url="/api/publish" method="POST" >
  <step title="Cleanup Xml Logs" date="2025-12-02T06:22:28.381" /><!-- duration: 12ms -->
  <step title="Creating temporary deployment - FetchDeploymentManager" date="2025-12-02T06:22:28.477" /><!-- duration: 122ms -->
  <step title="Creating temporary deployment" date="2025-12-02T06:22:28.611" /><!-- duration: 180ms -->
  <step title="Performing fetch based deployment" date="2025-12-02T06:22:28.841" >
    <step title="Cleaning up temp folders from previous zip deployments and extracting pushed zip file /tmp/zipdeploy/c8e123c7-e2e6-49ac-a1fd-210713a29236.zip (35.94 MB) to /tmp/zipdeploy/extracted" date="2025-12-02T06:22:30.086" >
      <step title="ChmodRecursive Process exited with total time taken in ms: 727" date="2025-12-02T06:22:46.790" /><!-- duration: 7ms -->
    </step><!-- duration: 16725ms -->
    <step title="Deployment timer started" date="2025-12-02T06:22:48.844" >
      <step title="DeploymentManager.Deploy(id:6e1b63b5-6b29-44aa-847f-aa0ecb35307a)" date="2025-12-02T06:22:48.854" >
        <step title="Collecting changeset information" date="2025-12-02T06:22:48.902" /><!-- duration: 141ms -->
        <step title="Updating submodules" date="2025-12-02T06:22:49.050" /><!-- duration: 1194ms -->
        <step title="Determining deployment builder" date="2025-12-02T06:22:50.542" >
          <step title="Builder is OneDeployBuilder" date="2025-12-02T06:22:50.572" /><!-- duration: 10ms -->
        </step><!-- duration: 45ms -->
        <step title="PreDeployment: context.CleanOutputPath False" date="2025-12-02T06:22:50.665" >
          <step title="PreDeployment: context.OutputPath /home/site/wwwroot" date="2025-12-02T06:22:50.789" >
            <step title="Building" date="2025-12-02T06:22:50.974" >
              <step title="Executing external process" date="2025-12-02T06:22:52.241" type="process" path="starter.sh" arguments="/opt/Kudu/Scripts/absoluteTar.sh /tmp/zipdeploy/extracted/node_modules /tmp/zipdeploy/extracted/node_modules.tar.gz" /><!-- duration: 29125ms -->
              <step title="Executing external process" date="2025-12-02T06:23:21.722" type="process" path="starter.sh" arguments="/opt/Kudu/Scripts/parallel_rsync.sh /tmp/zipdeploy/extracted /home/site/wwwroot 8 /tmp/ False False node_modules " /><!-- duration: 6905ms -->
              <step title="Modified file to trigger a restart of the app container." date="2025-12-02T06:23:29.671" /><!-- duration: 6ms -->
              <step title="Skip function trigger and logicapp sync because function is not enabled." date="2025-12-02T06:23:29.690" /><!-- duration: 17ms -->
            </step><!-- duration: 39586ms -->
          </step><!-- duration: 39777ms -->
          <step title="Cleaning up temp files" date="2025-12-02T06:23:30.574" /><!-- duration: 16ms -->
          <step title="Cleaning up temp files" date="2025-12-02T06:23:30.609" /><!-- duration: 527ms -->
          <step title="Reloading status file with latest updates" date="2025-12-02T06:23:31.189" >
            <step title="WebHooksManager.PublishEventAsync: PostDeployment" date="2025-12-02T06:23:31.195" /><!-- duration: 152ms -->
          </step><!-- duration: 161ms -->
          <step title="Cleaning up temporary deployment - fetch deployment was successful" date="2025-12-02T06:23:31.357" /><!-- duration: 4ms -->
        </step><!-- duration: 40776ms -->
      </step><!-- duration: 42604ms -->
